,count,mean,std,min,25%,50%,75%,max
Age,739.0,33.44925575101489,4.011306359982441,22.0,31.0,33.0,36.0,45.0
AMH (ng/mL),717.0,2.621478382147838,1.2182535311183362,0.86,1.74,2.29,3.37,6.45
Day,739.0,8.039242219215156,1.5345444031572344,6.0,7.0,8.0,9.0,12.0
Avg_Follicle_Size_mm,739.0,13.443843031123139,2.7346267725383444,8.1,11.2,13.2,15.4,21.0
Follicle_Count,739.0,8.208389715832206,4.359817128968975,1.0,6.0,8.0,10.0,55.0
Estradiol_pg_mL,739.0,805.5074424898512,1213.6024240991046,50.0,269.0,587.0,1095.5,22150.0
Progesterone_ng_mL,739.0,0.46311231393775376,0.15323451074012606,0.1,0.35,0.46,0.57,0.99
Trigger_Recommended (0/1),739.0,0.06359945872801083,0.24420332680689444,0.0,0.0,0.0,0.0,1.0
